min_activity;f1_score
1;0.42386185592707326
2;0.4227284985004819
3;0.42451441923299604
4;0.4268074862157335
5;0.42788461538461536
