min_activity;f1_score
1;0.23420527356829496
2;0.23533074910132315
3;0.2361741773842112
4;0.2357398089647073
5;0.23544892451280358
