min_activity;f1_score
1;0.41927990708478513
2;0.4205717893217893
3;0.4212613733571817
4;0.4285714285714286
5;0.4279328666610441
