min_activity;f1_score
1;0.23508458460349332
2;0.2353885497908224
3;0.23244796840333334
4;0.2350882552414405
5;0.2350431294501173
