min_activity;f1_score
1;0.4955357142857143
2;0.4942226890756303
3;0.49290515309932786
4;0.49071385024993275
5;0.4945968606417586
