min_activity;f1_score
1;0.475635593220339
2;0.4773139745916516
3;0.48348813209494323
4;0.4791636625811103
5;0.48407763331449033
