min_activity;f1_score
1;0.3278022158536647
2;0.3271635610766046
3;0.3298223827974365
4;0.3272830318568105
5;0.3197869382079908
