min_activity;f1_score
1;0.32604540675690064
2;0.3231567378942911
3;0.32818872408663513
4;0.32331244663339576
5;0.3207041996167655
